Webtoon	Most to Least Similar
Marry_My_Husband	Trash_Belongs_in_the_Trash_Can!	Sixth_Sense_Kiss	Phase	Blood_Reverie	Maybe_Meant_to_Be	Unlovable_Replacement	Down_To_Earth	For_My_Derelict_Favorite	True_Beauty	The_First_Night_With_the_Duke	My_S-Class_Hunters	Be_My_Villain	Reunion	My_Gently_Raised_Beast	LUMINE	Operation:_True_Love	The_Lazy_Lord_Masters_the_Sword	Jackson's_Diary	The_RUNWAY	High_Class_Homos	Villain_to_Kill	My_In-Laws_are_Obsessed_with_Me	+99_Reinforced_Wooden_Stick	Omniscient_Reader	DARK_MOON:_THE_BLOOD_ALTAR	Homesick	Leveling_Up_My_Husband_to_the_Max	Eaternal_Nocturnal	Suitor_Armor	Love_Me_to_Death	Not_Even_Bones	Eleceed	Death:_Rescheduled	Boyfriends.	Like_Wind_on_a_Dry_Branch	Castle_Swimmer	The_God_of_High_School	1HP_Club	The_Kiss_Bet	Everything_is_Fine	The_Advanced_Player_of_the_Tutorial_Tower	Return_to_Player	The_World_After_the_Fall	Lore_Olympus	Nice_To_Meet_You	Batman:_Wayne_Family_Adventures	unOrdinary
Phase	Blood_Reverie	Marry_My_Husband	Be_My_Villain	Unlovable_Replacement	Sixth_Sense_Kiss	Down_To_Earth	Maybe_Meant_to_Be	Trash_Belongs_in_the_Trash_Can!	True_Beauty	Homesick	Villain_to_Kill	My_S-Class_Hunters	Jackson's_Diary	For_My_Derelict_Favorite	+99_Reinforced_Wooden_Stick	LUMINE	Reunion	My_Gently_Raised_Beast	Eaternal_Nocturnal	Operation:_True_Love	The_First_Night_With_the_Duke	Eleceed	The_Lazy_Lord_Masters_the_Sword	Omniscient_Reader	Love_Me_to_Death	Boyfriends.	DARK_MOON:_THE_BLOOD_ALTAR	Death:_Rescheduled	Suitor_Armor	High_Class_Homos	The_God_of_High_School	My_In-Laws_are_Obsessed_with_Me	The_RUNWAY	1HP_Club	Leveling_Up_My_Husband_to_the_Max	Not_Even_Bones	Castle_Swimmer	The_Advanced_Player_of_the_Tutorial_Tower	Return_to_Player	Everything_is_Fine	The_Kiss_Bet	Like_Wind_on_a_Dry_Branch	The_World_After_the_Fall	Nice_To_Meet_You	Batman:_Wayne_Family_Adventures	Lore_Olympus	unOrdinary
Return_to_Player	+99_Reinforced_Wooden_Stick	The_Advanced_Player_of_the_Tutorial_Tower	Omniscient_Reader	The_World_After_the_Fall	The_God_of_High_School	1HP_Club	Villain_to_Kill	The_Lazy_Lord_Masters_the_Sword	For_My_Derelict_Favorite	Phase	Suitor_Armor	Castle_Swimmer	My_S-Class_Hunters	Death:_Rescheduled	Homesick	Blood_Reverie	Maybe_Meant_to_Be	Be_My_Villain	Down_To_Earth	Love_Me_to_Death	DARK_MOON:_THE_BLOOD_ALTAR	The_First_Night_With_the_Duke	Eleceed	My_Gently_Raised_Beast	Eaternal_Nocturnal	Marry_My_Husband	Leveling_Up_My_Husband_to_the_Max	Not_Even_Bones	True_Beauty	My_In-Laws_are_Obsessed_with_Me	Trash_Belongs_in_the_Trash_Can!	Unlovable_Replacement	Like_Wind_on_a_Dry_Branch	Everything_is_Fine	Jackson's_Diary	Sixth_Sense_Kiss	High_Class_Homos	Reunion	LUMINE	Batman:_Wayne_Family_Adventures	Boyfriends.	unOrdinary	Operation:_True_Love	The_RUNWAY	Nice_To_Meet_You	The_Kiss_Bet	Lore_Olympus
The_Lazy_Lord_Masters_the_Sword	For_My_Derelict_Favorite	Suitor_Armor	+99_Reinforced_Wooden_Stick	Maybe_Meant_to_Be	My_Gently_Raised_Beast	Blood_Reverie	Marry_My_Husband	The_God_of_High_School	Villain_to_Kill	Like_Wind_on_a_Dry_Branch	Phase	The_First_Night_With_the_Duke	Down_To_Earth	Omniscient_Reader	Unlovable_Replacement	Jackson's_Diary	Sixth_Sense_Kiss	My_In-Laws_are_Obsessed_with_Me	DARK_MOON:_THE_BLOOD_ALTAR	Castle_Swimmer	My_S-Class_Hunters	True_Beauty	Leveling_Up_My_Husband_to_the_Max	High_Class_Homos	Be_My_Villain	Trash_Belongs_in_the_Trash_Can!	Eleceed	The_Advanced_Player_of_the_Tutorial_Tower	Homesick	Eaternal_Nocturnal	Love_Me_to_Death	1HP_Club	Reunion	LUMINE	Death:_Rescheduled	Not_Even_Bones	Return_to_Player	The_World_After_the_Fall	Operation:_True_Love	Boyfriends.	Everything_is_Fine	The_RUNWAY	The_Kiss_Bet	Nice_To_Meet_You	Batman:_Wayne_Family_Adventures	Lore_Olympus	unOrdinary
Nice_To_Meet_You	True_Beauty	Phase	My_S-Class_Hunters	Maybe_Meant_to_Be	Homesick	Unlovable_Replacement	Everything_is_Fine	Down_To_Earth	Blood_Reverie	Boyfriends.	Marry_My_Husband	Trash_Belongs_in_the_Trash_Can!	+99_Reinforced_Wooden_Stick	Villain_to_Kill	DARK_MOON:_THE_BLOOD_ALTAR	Eaternal_Nocturnal	The_First_Night_With_the_Duke	LUMINE	Eleceed	Jackson's_Diary	The_Lazy_Lord_Masters_the_Sword	My_Gently_Raised_Beast	Suitor_Armor	1HP_Club	Sixth_Sense_Kiss	Not_Even_Bones	The_God_of_High_School	Be_My_Villain	High_Class_Homos	Love_Me_to_Death	Omniscient_Reader	For_My_Derelict_Favorite	Death:_Rescheduled	Castle_Swimmer	Reunion	Operation:_True_Love	The_Advanced_Player_of_the_Tutorial_Tower	The_RUNWAY	Lore_Olympus	The_Kiss_Bet	My_In-Laws_are_Obsessed_with_Me	Return_to_Player	Like_Wind_on_a_Dry_Branch	Batman:_Wayne_Family_Adventures	Leveling_Up_My_Husband_to_the_Max	The_World_After_the_Fall	unOrdinary
Everything_is_Fine	Love_Me_to_Death	1HP_Club	Maybe_Meant_to_Be	Homesick	DARK_MOON:_THE_BLOOD_ALTAR	Down_To_Earth	Eaternal_Nocturnal	Boyfriends.	The_First_Night_With_the_Duke	True_Beauty	Unlovable_Replacement	My_S-Class_Hunters	Blood_Reverie	Reunion	+99_Reinforced_Wooden_Stick	Suitor_Armor	Phase	High_Class_Homos	Villain_to_Kill	My_Gently_Raised_Beast	Not_Even_Bones	Jackson's_Diary	Castle_Swimmer	Trash_Belongs_in_the_Trash_Can!	The_God_of_High_School	Marry_My_Husband	The_Lazy_Lord_Masters_the_Sword	Be_My_Villain	Sixth_Sense_Kiss	For_My_Derelict_Favorite	Eleceed	LUMINE	The_Kiss_Bet	Death:_Rescheduled	Nice_To_Meet_You	Omniscient_Reader	Lore_Olympus	Operation:_True_Love	Return_to_Player	My_In-Laws_are_Obsessed_with_Me	Like_Wind_on_a_Dry_Branch	The_Advanced_Player_of_the_Tutorial_Tower	unOrdinary	The_RUNWAY	Leveling_Up_My_Husband_to_the_Max	The_World_After_the_Fall	Batman:_Wayne_Family_Adventures
Love_Me_to_Death	Blood_Reverie	For_My_Derelict_Favorite	The_First_Night_With_the_Duke	Phase	Everything_is_Fine	Maybe_Meant_to_Be	1HP_Club	Homesick	Unlovable_Replacement	Marry_My_Husband	Reunion	Suitor_Armor	Villain_to_Kill	Trash_Belongs_in_the_Trash_Can!	DARK_MOON:_THE_BLOOD_ALTAR	Eaternal_Nocturnal	Be_My_Villain	+99_Reinforced_Wooden_Stick	Sixth_Sense_Kiss	My_Gently_Raised_Beast	Omniscient_Reader	My_In-Laws_are_Obsessed_with_Me	Castle_Swimmer	The_Lazy_Lord_Masters_the_Sword	Death:_Rescheduled	Down_To_Earth	Boyfriends.	True_Beauty	My_S-Class_Hunters	High_Class_Homos	Not_Even_Bones	The_God_of_High_School	LUMINE	The_RUNWAY	Jackson's_Diary	Operation:_True_Love	Leveling_Up_My_Husband_to_the_Max	Like_Wind_on_a_Dry_Branch	Lore_Olympus	The_Kiss_Bet	Return_to_Player	Eleceed	The_World_After_the_Fall	The_Advanced_Player_of_the_Tutorial_Tower	Nice_To_Meet_You	Batman:_Wayne_Family_Adventures	unOrdinary
Leveling_Up_My_Husband_to_the_Max	For_My_Derelict_Favorite	My_In-Laws_are_Obsessed_with_Me	Like_Wind_on_a_Dry_Branch	Suitor_Armor	The_First_Night_With_the_Duke	Marry_My_Husband	My_Gently_Raised_Beast	The_Lazy_Lord_Masters_the_Sword	Blood_Reverie	Omniscient_Reader	Maybe_Meant_to_Be	Phase	My_S-Class_Hunters	Unlovable_Replacement	Sixth_Sense_Kiss	Trash_Belongs_in_the_Trash_Can!	The_RUNWAY	Villain_to_Kill	+99_Reinforced_Wooden_Stick	Love_Me_to_Death	Down_To_Earth	Castle_Swimmer	Death:_Rescheduled	Homesick	Reunion	Be_My_Villain	The_World_After_the_Fall	Not_Even_Bones	LUMINE	Eleceed	The_God_of_High_School	The_Advanced_Player_of_the_Tutorial_Tower	High_Class_Homos	DARK_MOON:_THE_BLOOD_ALTAR	True_Beauty	Return_to_Player	Operation:_True_Love	Eaternal_Nocturnal	Jackson's_Diary	1HP_Club	Everything_is_Fine	Boyfriends.	The_Kiss_Bet	Batman:_Wayne_Family_Adventures	Nice_To_Meet_You	Lore_Olympus	unOrdinary
Homesick	Unlovable_Replacement	Villain_to_Kill	Phase	My_Gently_Raised_Beast	DARK_MOON:_THE_BLOOD_ALTAR	Death:_Rescheduled	Be_My_Villain	For_My_Derelict_Favorite	True_Beauty	Jackson's_Diary	Maybe_Meant_to_Be	Eaternal_Nocturnal	My_S-Class_Hunters	+99_Reinforced_Wooden_Stick	Down_To_Earth	1HP_Club	Blood_Reverie	Not_Even_Bones	Trash_Belongs_in_the_Trash_Can!	Eleceed	Castle_Swimmer	Marry_My_Husband	Omniscient_Reader	Reunion	The_First_Night_With_the_Duke	Love_Me_to_Death	LUMINE	Operation:_True_Love	Everything_is_Fine	Sixth_Sense_Kiss	The_Lazy_Lord_Masters_the_Sword	Suitor_Armor	My_In-Laws_are_Obsessed_with_Me	The_God_of_High_School	Boyfriends.	High_Class_Homos	The_Kiss_Bet	Leveling_Up_My_Husband_to_the_Max	Return_to_Player	The_World_After_the_Fall	Batman:_Wayne_Family_Adventures	The_RUNWAY	Like_Wind_on_a_Dry_Branch	Nice_To_Meet_You	The_Advanced_Player_of_the_Tutorial_Tower	Lore_Olympus	unOrdinary
My_S-Class_Hunters	Villain_to_Kill	Maybe_Meant_to_Be	The_First_Night_With_the_Duke	Marry_My_Husband	Phase	Trash_Belongs_in_the_Trash_Can!	The_God_of_High_School	+99_Reinforced_Wooden_Stick	True_Beauty	Down_To_Earth	Blood_Reverie	Sixth_Sense_Kiss	Omniscient_Reader	My_Gently_Raised_Beast	LUMINE	Homesick	Unlovable_Replacement	For_My_Derelict_Favorite	Be_My_Villain	The_Advanced_Player_of_the_Tutorial_Tower	Suitor_Armor	Eleceed	DARK_MOON:_THE_BLOOD_ALTAR	Death:_Rescheduled	My_In-Laws_are_Obsessed_with_Me	The_Lazy_Lord_Masters_the_Sword	Jackson's_Diary	Not_Even_Bones	Castle_Swimmer	Reunion	High_Class_Homos	The_RUNWAY	Boyfriends.	Leveling_Up_My_Husband_to_the_Max	Love_Me_to_Death	Operation:_True_Love	Everything_is_Fine	Eaternal_Nocturnal	1HP_Club	The_World_After_the_Fall	Like_Wind_on_a_Dry_Branch	Batman:_Wayne_Family_Adventures	Return_to_Player	Nice_To_Meet_You	The_Kiss_Bet	Lore_Olympus	unOrdinary
Down_To_Earth	Trash_Belongs_in_the_Trash_Can!	Marry_My_Husband	Unlovable_Replacement	Phase	Maybe_Meant_to_Be	Blood_Reverie	True_Beauty	Sixth_Sense_Kiss	My_S-Class_Hunters	Eaternal_Nocturnal	Jackson's_Diary	LUMINE	+99_Reinforced_Wooden_Stick	Homesick	Reunion	The_Lazy_Lord_Masters_the_Sword	My_Gently_Raised_Beast	Operation:_True_Love	Suitor_Armor	Villain_to_Kill	Boyfriends.	High_Class_Homos	Be_My_Villain	The_First_Night_With_the_Duke	For_My_Derelict_Favorite	DARK_MOON:_THE_BLOOD_ALTAR	1HP_Club	Eleceed	Not_Even_Bones	Death:_Rescheduled	The_God_of_High_School	Omniscient_Reader	Everything_is_Fine	Love_Me_to_Death	Castle_Swimmer	Leveling_Up_My_Husband_to_the_Max	The_RUNWAY	My_In-Laws_are_Obsessed_with_Me	The_Advanced_Player_of_the_Tutorial_Tower	The_Kiss_Bet	Return_to_Player	Like_Wind_on_a_Dry_Branch	Nice_To_Meet_You	The_World_After_the_Fall	Batman:_Wayne_Family_Adventures	Lore_Olympus	unOrdinary
Jackson's_Diary	True_Beauty	Be_My_Villain	Villain_to_Kill	DARK_MOON:_THE_BLOOD_ALTAR	Phase	LUMINE	Maybe_Meant_to_Be	Boyfriends.	Operation:_True_Love	Reunion	Down_To_Earth	Marry_My_Husband	Homesick	Unlovable_Replacement	Sixth_Sense_Kiss	Trash_Belongs_in_the_Trash_Can!	Eaternal_Nocturnal	High_Class_Homos	Blood_Reverie	The_Lazy_Lord_Masters_the_Sword	The_First_Night_With_the_Duke	My_S-Class_Hunters	My_Gently_Raised_Beast	+99_Reinforced_Wooden_Stick	For_My_Derelict_Favorite	Not_Even_Bones	Eleceed	1HP_Club	The_God_of_High_School	Castle_Swimmer	Death:_Rescheduled	The_Kiss_Bet	Omniscient_Reader	Love_Me_to_Death	Everything_is_Fine	Suitor_Armor	My_In-Laws_are_Obsessed_with_Me	The_RUNWAY	Batman:_Wayne_Family_Adventures	The_Advanced_Player_of_the_Tutorial_Tower	Nice_To_Meet_You	Leveling_Up_My_Husband_to_the_Max	The_World_After_the_Fall	Return_to_Player	Like_Wind_on_a_Dry_Branch	Lore_Olympus	unOrdinary
Lore_Olympus	Love_Me_to_Death	Blood_Reverie	Unlovable_Replacement	Everything_is_Fine	Marry_My_Husband	Phase	Homesick	Trash_Belongs_in_the_Trash_Can!	Sixth_Sense_Kiss	Down_To_Earth	Reunion	The_First_Night_With_the_Duke	Eaternal_Nocturnal	Maybe_Meant_to_Be	unOrdinary	For_My_Derelict_Favorite	DARK_MOON:_THE_BLOOD_ALTAR	True_Beauty	My_Gently_Raised_Beast	Villain_to_Kill	Castle_Swimmer	High_Class_Homos	Be_My_Villain	The_Lazy_Lord_Masters_the_Sword	My_S-Class_Hunters	Jackson's_Diary	LUMINE	Boyfriends.	+99_Reinforced_Wooden_Stick	The_Kiss_Bet	1HP_Club	Death:_Rescheduled	Operation:_True_Love	Suitor_Armor	Nice_To_Meet_You	Not_Even_Bones	Like_Wind_on_a_Dry_Branch	Eleceed	My_In-Laws_are_Obsessed_with_Me	Omniscient_Reader	Leveling_Up_My_Husband_to_the_Max	The_World_After_the_Fall	The_God_of_High_School	The_RUNWAY	Return_to_Player	Batman:_Wayne_Family_Adventures	The_Advanced_Player_of_the_Tutorial_Tower
Be_My_Villain	Phase	Blood_Reverie	Jackson's_Diary	True_Beauty	Marry_My_Husband	Maybe_Meant_to_Be	Unlovable_Replacement	Villain_to_Kill	Reunion	Sixth_Sense_Kiss	LUMINE	Trash_Belongs_in_the_Trash_Can!	Homesick	Operation:_True_Love	Eleceed	My_S-Class_Hunters	Boyfriends.	DARK_MOON:_THE_BLOOD_ALTAR	For_My_Derelict_Favorite	The_First_Night_With_the_Duke	Down_To_Earth	+99_Reinforced_Wooden_Stick	High_Class_Homos	My_Gently_Raised_Beast	Eaternal_Nocturnal	The_Lazy_Lord_Masters_the_Sword	The_God_of_High_School	1HP_Club	Love_Me_to_Death	Omniscient_Reader	Death:_Rescheduled	Not_Even_Bones	Suitor_Armor	The_RUNWAY	Castle_Swimmer	My_In-Laws_are_Obsessed_with_Me	The_Kiss_Bet	Everything_is_Fine	Leveling_Up_My_Husband_to_the_Max	Return_to_Player	The_Advanced_Player_of_the_Tutorial_Tower	The_World_After_the_Fall	Batman:_Wayne_Family_Adventures	Like_Wind_on_a_Dry_Branch	Nice_To_Meet_You	Lore_Olympus	unOrdinary
Boyfriends.	True_Beauty	Jackson's_Diary	LUMINE	Trash_Belongs_in_the_Trash_Can!	Villain_to_Kill	Blood_Reverie	Eaternal_Nocturnal	Be_My_Villain	Phase	Maybe_Meant_to_Be	Down_To_Earth	DARK_MOON:_THE_BLOOD_ALTAR	Operation:_True_Love	Reunion	The_First_Night_With_the_Duke	Sixth_Sense_Kiss	High_Class_Homos	Marry_My_Husband	1HP_Club	Unlovable_Replacement	My_S-Class_Hunters	Everything_is_Fine	Love_Me_to_Death	Homesick	Eleceed	+99_Reinforced_Wooden_Stick	The_Kiss_Bet	My_Gently_Raised_Beast	The_God_of_High_School	The_Lazy_Lord_Masters_the_Sword	Not_Even_Bones	Suitor_Armor	Castle_Swimmer	Death:_Rescheduled	For_My_Derelict_Favorite	Omniscient_Reader	The_RUNWAY	Nice_To_Meet_You	My_In-Laws_are_Obsessed_with_Me	Batman:_Wayne_Family_Adventures	The_Advanced_Player_of_the_Tutorial_Tower	Return_to_Player	Lore_Olympus	Like_Wind_on_a_Dry_Branch	Leveling_Up_My_Husband_to_the_Max	The_World_After_the_Fall	unOrdinary
Eleceed	My_Gently_Raised_Beast	Phase	Be_My_Villain	Villain_to_Kill	Maybe_Meant_to_Be	Homesick	My_S-Class_Hunters	LUMINE	True_Beauty	Suitor_Armor	Blood_Reverie	Trash_Belongs_in_the_Trash_Can!	Marry_My_Husband	Down_To_Earth	The_Lazy_Lord_Masters_the_Sword	Unlovable_Replacement	For_My_Derelict_Favorite	The_First_Night_With_the_Duke	Sixth_Sense_Kiss	+99_Reinforced_Wooden_Stick	The_God_of_High_School	Jackson's_Diary	DARK_MOON:_THE_BLOOD_ALTAR	Boyfriends.	Castle_Swimmer	Not_Even_Bones	1HP_Club	Omniscient_Reader	Reunion	Death:_Rescheduled	Operation:_True_Love	Eaternal_Nocturnal	High_Class_Homos	My_In-Laws_are_Obsessed_with_Me	Everything_is_Fine	The_Advanced_Player_of_the_Tutorial_Tower	Love_Me_to_Death	Leveling_Up_My_Husband_to_the_Max	Return_to_Player	The_RUNWAY	The_World_After_the_Fall	Like_Wind_on_a_Dry_Branch	Batman:_Wayne_Family_Adventures	Nice_To_Meet_You	The_Kiss_Bet	Lore_Olympus	unOrdinary
Eaternal_Nocturnal	Phase	Down_To_Earth	Homesick	DARK_MOON:_THE_BLOOD_ALTAR	+99_Reinforced_Wooden_Stick	Jackson's_Diary	Unlovable_Replacement	Blood_Reverie	Boyfriends.	True_Beauty	Not_Even_Bones	Villain_to_Kill	1HP_Club	Marry_My_Husband	Be_My_Villain	High_Class_Homos	Trash_Belongs_in_the_Trash_Can!	Sixth_Sense_Kiss	Love_Me_to_Death	Omniscient_Reader	Maybe_Meant_to_Be	The_Lazy_Lord_Masters_the_Sword	Reunion	My_Gently_Raised_Beast	The_Kiss_Bet	For_My_Derelict_Favorite	Everything_is_Fine	The_First_Night_With_the_Duke	Castle_Swimmer	Death:_Rescheduled	My_S-Class_Hunters	Operation:_True_Love	LUMINE	The_God_of_High_School	Suitor_Armor	Eleceed	The_World_After_the_Fall	My_In-Laws_are_Obsessed_with_Me	Return_to_Player	Nice_To_Meet_You	Batman:_Wayne_Family_Adventures	The_RUNWAY	The_Advanced_Player_of_the_Tutorial_Tower	Leveling_Up_My_Husband_to_the_Max	Like_Wind_on_a_Dry_Branch	Lore_Olympus	unOrdinary
Batman:_Wayne_Family_Adventures	Villain_to_Kill	+99_Reinforced_Wooden_Stick	My_S-Class_Hunters	Omniscient_Reader	Homesick	Not_Even_Bones	The_First_Night_With_the_Duke	The_World_After_the_Fall	True_Beauty	DARK_MOON:_THE_BLOOD_ALTAR	1HP_Club	My_Gently_Raised_Beast	Jackson's_Diary	Phase	Castle_Swimmer	The_God_of_High_School	Death:_Rescheduled	Eleceed	Eaternal_Nocturnal	Maybe_Meant_to_Be	Be_My_Villain	Down_To_Earth	Boyfriends.	For_My_Derelict_Favorite	The_Lazy_Lord_Masters_the_Sword	Reunion	Marry_My_Husband	Trash_Belongs_in_the_Trash_Can!	Suitor_Armor	The_Advanced_Player_of_the_Tutorial_Tower	Return_to_Player	High_Class_Homos	LUMINE	Sixth_Sense_Kiss	Blood_Reverie	Love_Me_to_Death	Unlovable_Replacement	My_In-Laws_are_Obsessed_with_Me	Everything_is_Fine	The_Kiss_Bet	The_RUNWAY	Operation:_True_Love	Leveling_Up_My_Husband_to_the_Max	Nice_To_Meet_You	Like_Wind_on_a_Dry_Branch	Lore_Olympus	unOrdinary
Maybe_Meant_to_Be	Trash_Belongs_in_the_Trash_Can!	Marry_My_Husband	The_First_Night_With_the_Duke	My_S-Class_Hunters	Phase	Sixth_Sense_Kiss	Unlovable_Replacement	Down_To_Earth	Blood_Reverie	True_Beauty	Reunion	Be_My_Villain	For_My_Derelict_Favorite	LUMINE	Suitor_Armor	Villain_to_Kill	Operation:_True_Love	My_Gently_Raised_Beast	Jackson's_Diary	The_Lazy_Lord_Masters_the_Sword	DARK_MOON:_THE_BLOOD_ALTAR	High_Class_Homos	My_In-Laws_are_Obsessed_with_Me	Homesick	+99_Reinforced_Wooden_Stick	Eleceed	The_God_of_High_School	Boyfriends.	Love_Me_to_Death	Omniscient_Reader	Death:_Rescheduled	Everything_is_Fine	The_RUNWAY	1HP_Club	Castle_Swimmer	Leveling_Up_My_Husband_to_the_Max	Not_Even_Bones	Eaternal_Nocturnal	Like_Wind_on_a_Dry_Branch	The_Advanced_Player_of_the_Tutorial_Tower	The_Kiss_Bet	Return_to_Player	The_World_After_the_Fall	Nice_To_Meet_You	Batman:_Wayne_Family_Adventures	Lore_Olympus	unOrdinary
The_RUNWAY	Marry_My_Husband	Sixth_Sense_Kiss	Trash_Belongs_in_the_Trash_Can!	The_First_Night_With_the_Duke	Maybe_Meant_to_Be	Phase	Blood_Reverie	My_S-Class_Hunters	Reunion	Omniscient_Reader	For_My_Derelict_Favorite	Unlovable_Replacement	Leveling_Up_My_Husband_to_the_Max	My_Gently_Raised_Beast	Be_My_Villain	Love_Me_to_Death	Suitor_Armor	True_Beauty	LUMINE	Operation:_True_Love	Down_To_Earth	Villain_to_Kill	DARK_MOON:_THE_BLOOD_ALTAR	Homesick	My_In-Laws_are_Obsessed_with_Me	Jackson's_Diary	The_Lazy_Lord_Masters_the_Sword	Eleceed	High_Class_Homos	Not_Even_Bones	Boyfriends.	+99_Reinforced_Wooden_Stick	The_God_of_High_School	Eaternal_Nocturnal	Like_Wind_on_a_Dry_Branch	The_Advanced_Player_of_the_Tutorial_Tower	Death:_Rescheduled	The_Kiss_Bet	1HP_Club	Everything_is_Fine	Castle_Swimmer	The_World_After_the_Fall	Return_to_Player	Nice_To_Meet_You	Batman:_Wayne_Family_Adventures	Lore_Olympus	unOrdinary
Unlovable_Replacement	Trash_Belongs_in_the_Trash_Can!	Phase	Marry_My_Husband	Blood_Reverie	Down_To_Earth	Homesick	Maybe_Meant_to_Be	Operation:_True_Love	Sixth_Sense_Kiss	For_My_Derelict_Favorite	My_Gently_Raised_Beast	True_Beauty	Be_My_Villain	Reunion	The_First_Night_With_the_Duke	Jackson's_Diary	My_S-Class_Hunters	LUMINE	High_Class_Homos	Eaternal_Nocturnal	Suitor_Armor	DARK_MOON:_THE_BLOOD_ALTAR	The_Lazy_Lord_Masters_the_Sword	+99_Reinforced_Wooden_Stick	Villain_to_Kill	Love_Me_to_Death	Death:_Rescheduled	My_In-Laws_are_Obsessed_with_Me	Eleceed	The_God_of_High_School	Boyfriends.	Omniscient_Reader	Everything_is_Fine	Leveling_Up_My_Husband_to_the_Max	Castle_Swimmer	The_RUNWAY	1HP_Club	Not_Even_Bones	The_Kiss_Bet	Like_Wind_on_a_Dry_Branch	The_Advanced_Player_of_the_Tutorial_Tower	Nice_To_Meet_You	Lore_Olympus	Return_to_Player	The_World_After_the_Fall	Batman:_Wayne_Family_Adventures	unOrdinary
The_Kiss_Bet	Eaternal_Nocturnal	High_Class_Homos	DARK_MOON:_THE_BLOOD_ALTAR	Reunion	Jackson's_Diary	Phase	Boyfriends.	Blood_Reverie	Sixth_Sense_Kiss	Unlovable_Replacement	True_Beauty	Trash_Belongs_in_the_Trash_Can!	Maybe_Meant_to_Be	Be_My_Villain	Homesick	Marry_My_Husband	The_First_Night_With_the_Duke	Love_Me_to_Death	Operation:_True_Love	Down_To_Earth	Villain_to_Kill	LUMINE	Everything_is_Fine	My_S-Class_Hunters	+99_Reinforced_Wooden_Stick	My_Gently_Raised_Beast	1HP_Club	For_My_Derelict_Favorite	Not_Even_Bones	Omniscient_Reader	The_Lazy_Lord_Masters_the_Sword	Castle_Swimmer	Death:_Rescheduled	The_God_of_High_School	Suitor_Armor	My_In-Laws_are_Obsessed_with_Me	Eleceed	The_RUNWAY	Lore_Olympus	Batman:_Wayne_Family_Adventures	The_World_After_the_Fall	Nice_To_Meet_You	Leveling_Up_My_Husband_to_the_Max	Return_to_Player	The_Advanced_Player_of_the_Tutorial_Tower	Like_Wind_on_a_Dry_Branch	unOrdinary
Death:_Rescheduled	Villain_to_Kill	Homesick	Castle_Swimmer	+99_Reinforced_Wooden_Stick	Phase	For_My_Derelict_Favorite	My_Gently_Raised_Beast	My_S-Class_Hunters	Unlovable_Replacement	Maybe_Meant_to_Be	Blood_Reverie	1HP_Club	Omniscient_Reader	Marry_My_Husband	The_God_of_High_School	Down_To_Earth	Trash_Belongs_in_the_Trash_Can!	Suitor_Armor	The_First_Night_With_the_Duke	My_In-Laws_are_Obsessed_with_Me	DARK_MOON:_THE_BLOOD_ALTAR	Love_Me_to_Death	High_Class_Homos	Be_My_Villain	True_Beauty	The_Lazy_Lord_Masters_the_Sword	Eaternal_Nocturnal	Sixth_Sense_Kiss	Not_Even_Bones	Jackson's_Diary	Eleceed	The_World_After_the_Fall	LUMINE	Return_to_Player	Operation:_True_Love	Leveling_Up_My_Husband_to_the_Max	Reunion	Like_Wind_on_a_Dry_Branch	Boyfriends.	The_Advanced_Player_of_the_Tutorial_Tower	Everything_is_Fine	Batman:_Wayne_Family_Adventures	The_Kiss_Bet	The_RUNWAY	Nice_To_Meet_You	Lore_Olympus	unOrdinary
Blood_Reverie	Phase	Marry_My_Husband	Unlovable_Replacement	Trash_Belongs_in_the_Trash_Can!	Be_My_Villain	Sixth_Sense_Kiss	Down_To_Earth	Maybe_Meant_to_Be	For_My_Derelict_Favorite	Reunion	True_Beauty	The_Lazy_Lord_Masters_the_Sword	Love_Me_to_Death	My_S-Class_Hunters	The_First_Night_With_the_Duke	Operation:_True_Love	My_Gently_Raised_Beast	LUMINE	Homesick	Suitor_Armor	Boyfriends.	Eaternal_Nocturnal	+99_Reinforced_Wooden_Stick	DARK_MOON:_THE_BLOOD_ALTAR	High_Class_Homos	Villain_to_Kill	Jackson's_Diary	Omniscient_Reader	Eleceed	Death:_Rescheduled	Leveling_Up_My_Husband_to_the_Max	The_God_of_High_School	My_In-Laws_are_Obsessed_with_Me	The_RUNWAY	Castle_Swimmer	Not_Even_Bones	1HP_Club	Everything_is_Fine	Like_Wind_on_a_Dry_Branch	The_Kiss_Bet	The_Advanced_Player_of_the_Tutorial_Tower	Return_to_Player	Lore_Olympus	The_World_After_the_Fall	Nice_To_Meet_You	Batman:_Wayne_Family_Adventures	unOrdinary
The_Advanced_Player_of_the_Tutorial_Tower	+99_Reinforced_Wooden_Stick	The_God_of_High_School	My_S-Class_Hunters	Return_to_Player	The_Lazy_Lord_Masters_the_Sword	Omniscient_Reader	Suitor_Armor	Villain_to_Kill	Phase	The_World_After_the_Fall	Maybe_Meant_to_Be	The_First_Night_With_the_Duke	For_My_Derelict_Favorite	Blood_Reverie	Down_To_Earth	Marry_My_Husband	Sixth_Sense_Kiss	True_Beauty	Eleceed	Trash_Belongs_in_the_Trash_Can!	DARK_MOON:_THE_BLOOD_ALTAR	Castle_Swimmer	My_In-Laws_are_Obsessed_with_Me	Death:_Rescheduled	Be_My_Villain	1HP_Club	My_Gently_Raised_Beast	Unlovable_Replacement	Leveling_Up_My_Husband_to_the_Max	LUMINE	High_Class_Homos	Love_Me_to_Death	Homesick	Like_Wind_on_a_Dry_Branch	Not_Even_Bones	Jackson's_Diary	Eaternal_Nocturnal	Boyfriends.	Everything_is_Fine	The_RUNWAY	Batman:_Wayne_Family_Adventures	Reunion	Operation:_True_Love	Nice_To_Meet_You	The_Kiss_Bet	unOrdinary	Lore_Olympus
Like_Wind_on_a_Dry_Branch	For_My_Derelict_Favorite	My_In-Laws_are_Obsessed_with_Me	My_Gently_Raised_Beast	Leveling_Up_My_Husband_to_the_Max	The_Lazy_Lord_Masters_the_Sword	Suitor_Armor	The_First_Night_With_the_Duke	Castle_Swimmer	Marry_My_Husband	Maybe_Meant_to_Be	Blood_Reverie	Villain_to_Kill	Omniscient_Reader	My_S-Class_Hunters	Unlovable_Replacement	Love_Me_to_Death	+99_Reinforced_Wooden_Stick	Death:_Rescheduled	Phase	Trash_Belongs_in_the_Trash_Can!	High_Class_Homos	Sixth_Sense_Kiss	Down_To_Earth	The_World_After_the_Fall	Not_Even_Bones	Homesick	The_God_of_High_School	DARK_MOON:_THE_BLOOD_ALTAR	Eleceed	The_Advanced_Player_of_the_Tutorial_Tower	Return_to_Player	True_Beauty	The_RUNWAY	Eaternal_Nocturnal	LUMINE	Be_My_Villain	1HP_Club	Everything_is_Fine	Reunion	Jackson's_Diary	Operation:_True_Love	Boyfriends.	Lore_Olympus	Nice_To_Meet_You	The_Kiss_Bet	Batman:_Wayne_Family_Adventures	unOrdinary
Not_Even_Bones	Villain_to_Kill	Homesick	Omniscient_Reader	Eaternal_Nocturnal	DARK_MOON:_THE_BLOOD_ALTAR	True_Beauty	My_S-Class_Hunters	The_First_Night_With_the_Duke	Marry_My_Husband	My_Gently_Raised_Beast	Down_To_Earth	Castle_Swimmer	For_My_Derelict_Favorite	Maybe_Meant_to_Be	+99_Reinforced_Wooden_Stick	Trash_Belongs_in_the_Trash_Can!	Phase	1HP_Club	Jackson's_Diary	Blood_Reverie	The_Lazy_Lord_Masters_the_Sword	Be_My_Villain	Love_Me_to_Death	Eleceed	Suitor_Armor	Death:_Rescheduled	Reunion	Unlovable_Replacement	Sixth_Sense_Kiss	LUMINE	The_God_of_High_School	Everything_is_Fine	My_In-Laws_are_Obsessed_with_Me	Boyfriends.	High_Class_Homos	The_World_After_the_Fall	Operation:_True_Love	Leveling_Up_My_Husband_to_the_Max	Batman:_Wayne_Family_Adventures	Like_Wind_on_a_Dry_Branch	The_RUNWAY	Return_to_Player	The_Advanced_Player_of_the_Tutorial_Tower	The_Kiss_Bet	Nice_To_Meet_You	unOrdinary	Lore_Olympus
Reunion	Maybe_Meant_to_Be	Sixth_Sense_Kiss	Marry_My_Husband	Blood_Reverie	Trash_Belongs_in_the_Trash_Can!	True_Beauty	Phase	Be_My_Villain	Jackson's_Diary	The_First_Night_With_the_Duke	Unlovable_Replacement	DARK_MOON:_THE_BLOOD_ALTAR	LUMINE	Down_To_Earth	Operation:_True_Love	Homesick	High_Class_Homos	Villain_to_Kill	Love_Me_to_Death	My_S-Class_Hunters	My_Gently_Raised_Beast	Boyfriends.	For_My_Derelict_Favorite	Eaternal_Nocturnal	The_RUNWAY	Omniscient_Reader	The_Lazy_Lord_Masters_the_Sword	+99_Reinforced_Wooden_Stick	Everything_is_Fine	1HP_Club	Not_Even_Bones	The_Kiss_Bet	Suitor_Armor	Eleceed	Death:_Rescheduled	The_God_of_High_School	Leveling_Up_My_Husband_to_the_Max	My_In-Laws_are_Obsessed_with_Me	Castle_Swimmer	The_World_After_the_Fall	Lore_Olympus	Return_to_Player	Batman:_Wayne_Family_Adventures	Like_Wind_on_a_Dry_Branch	The_Advanced_Player_of_the_Tutorial_Tower	Nice_To_Meet_You	unOrdinary
My_In-Laws_are_Obsessed_with_Me	For_My_Derelict_Favorite	The_First_Night_With_the_Duke	Like_Wind_on_a_Dry_Branch	My_Gently_Raised_Beast	Leveling_Up_My_Husband_to_the_Max	Maybe_Meant_to_Be	Marry_My_Husband	Villain_to_Kill	The_Lazy_Lord_Masters_the_Sword	My_S-Class_Hunters	Unlovable_Replacement	Trash_Belongs_in_the_Trash_Can!	Suitor_Armor	Blood_Reverie	Phase	Omniscient_Reader	Love_Me_to_Death	Death:_Rescheduled	Castle_Swimmer	Homesick	Sixth_Sense_Kiss	+99_Reinforced_Wooden_Stick	High_Class_Homos	DARK_MOON:_THE_BLOOD_ALTAR	Not_Even_Bones	Be_My_Villain	Down_To_Earth	True_Beauty	Eleceed	The_God_of_High_School	Operation:_True_Love	Reunion	LUMINE	Eaternal_Nocturnal	Jackson's_Diary	The_RUNWAY	The_Advanced_Player_of_the_Tutorial_Tower	The_World_After_the_Fall	Return_to_Player	1HP_Club	Everything_is_Fine	Boyfriends.	The_Kiss_Bet	Batman:_Wayne_Family_Adventures	Lore_Olympus	Nice_To_Meet_You	unOrdinary
Trash_Belongs_in_the_Trash_Can!	Marry_My_Husband	Unlovable_Replacement	Maybe_Meant_to_Be	Sixth_Sense_Kiss	True_Beauty	Operation:_True_Love	Down_To_Earth	Blood_Reverie	Phase	The_First_Night_With_the_Duke	My_S-Class_Hunters	LUMINE	Reunion	High_Class_Homos	For_My_Derelict_Favorite	Be_My_Villain	My_Gently_Raised_Beast	Boyfriends.	Jackson's_Diary	Villain_to_Kill	Homesick	The_RUNWAY	DARK_MOON:_THE_BLOOD_ALTAR	Suitor_Armor	+99_Reinforced_Wooden_Stick	My_In-Laws_are_Obsessed_with_Me	Eaternal_Nocturnal	Love_Me_to_Death	Eleceed	The_Lazy_Lord_Masters_the_Sword	Death:_Rescheduled	Not_Even_Bones	Omniscient_Reader	The_God_of_High_School	Leveling_Up_My_Husband_to_the_Max	1HP_Club	Everything_is_Fine	Castle_Swimmer	The_Kiss_Bet	Like_Wind_on_a_Dry_Branch	The_Advanced_Player_of_the_Tutorial_Tower	Return_to_Player	Nice_To_Meet_You	Lore_Olympus	Batman:_Wayne_Family_Adventures	The_World_After_the_Fall	unOrdinary
The_First_Night_With_the_Duke	Maybe_Meant_to_Be	My_In-Laws_are_Obsessed_with_Me	For_My_Derelict_Favorite	My_S-Class_Hunters	Trash_Belongs_in_the_Trash_Can!	Marry_My_Husband	Villain_to_Kill	My_Gently_Raised_Beast	True_Beauty	Sixth_Sense_Kiss	High_Class_Homos	DARK_MOON:_THE_BLOOD_ALTAR	Phase	Reunion	Blood_Reverie	Unlovable_Replacement	Omniscient_Reader	Suitor_Armor	The_Lazy_Lord_Masters_the_Sword	Love_Me_to_Death	Leveling_Up_My_Husband_to_the_Max	Be_My_Villain	LUMINE	Homesick	Down_To_Earth	Jackson's_Diary	Operation:_True_Love	The_RUNWAY	Like_Wind_on_a_Dry_Branch	Not_Even_Bones	+99_Reinforced_Wooden_Stick	Boyfriends.	Eleceed	The_God_of_High_School	Death:_Rescheduled	Castle_Swimmer	Eaternal_Nocturnal	Everything_is_Fine	1HP_Club	The_Advanced_Player_of_the_Tutorial_Tower	The_Kiss_Bet	Return_to_Player	The_World_After_the_Fall	Batman:_Wayne_Family_Adventures	Nice_To_Meet_You	Lore_Olympus	unOrdinary
1HP_Club	+99_Reinforced_Wooden_Stick	Homesick	Villain_to_Kill	Love_Me_to_Death	Everything_is_Fine	Eaternal_Nocturnal	DARK_MOON:_THE_BLOOD_ALTAR	Death:_Rescheduled	The_God_of_High_School	Down_To_Earth	Castle_Swimmer	Maybe_Meant_to_Be	Be_My_Villain	True_Beauty	Phase	Boyfriends.	The_Lazy_Lord_Masters_the_Sword	Not_Even_Bones	Suitor_Armor	Return_to_Player	Blood_Reverie	Jackson's_Diary	High_Class_Homos	My_Gently_Raised_Beast	My_S-Class_Hunters	Reunion	Unlovable_Replacement	Eleceed	The_First_Night_With_the_Duke	Trash_Belongs_in_the_Trash_Can!	For_My_Derelict_Favorite	LUMINE	Omniscient_Reader	Marry_My_Husband	Sixth_Sense_Kiss	The_World_After_the_Fall	The_Advanced_Player_of_the_Tutorial_Tower	Operation:_True_Love	Batman:_Wayne_Family_Adventures	The_Kiss_Bet	My_In-Laws_are_Obsessed_with_Me	Leveling_Up_My_Husband_to_the_Max	Nice_To_Meet_You	Like_Wind_on_a_Dry_Branch	The_RUNWAY	Lore_Olympus	unOrdinary
The_God_of_High_School	+99_Reinforced_Wooden_Stick	My_S-Class_Hunters	The_Advanced_Player_of_the_Tutorial_Tower	The_Lazy_Lord_Masters_the_Sword	Villain_to_Kill	Maybe_Meant_to_Be	Suitor_Armor	1HP_Club	Blood_Reverie	Phase	Be_My_Villain	Omniscient_Reader	DARK_MOON:_THE_BLOOD_ALTAR	Death:_Rescheduled	The_First_Night_With_the_Duke	Down_To_Earth	Unlovable_Replacement	Return_to_Player	True_Beauty	For_My_Derelict_Favorite	Homesick	Eleceed	Trash_Belongs_in_the_Trash_Can!	Jackson's_Diary	High_Class_Homos	Marry_My_Husband	My_Gently_Raised_Beast	Love_Me_to_Death	Sixth_Sense_Kiss	The_World_After_the_Fall	Eaternal_Nocturnal	Not_Even_Bones	Castle_Swimmer	Boyfriends.	Everything_is_Fine	Operation:_True_Love	LUMINE	Reunion	My_In-Laws_are_Obsessed_with_Me	Leveling_Up_My_Husband_to_the_Max	Like_Wind_on_a_Dry_Branch	The_RUNWAY	Batman:_Wayne_Family_Adventures	The_Kiss_Bet	Nice_To_Meet_You	unOrdinary	Lore_Olympus
Omniscient_Reader	Villain_to_Kill	+99_Reinforced_Wooden_Stick	My_S-Class_Hunters	For_My_Derelict_Favorite	Phase	The_First_Night_With_the_Duke	The_World_After_the_Fall	Not_Even_Bones	Marry_My_Husband	The_Lazy_Lord_Masters_the_Sword	Homesick	Blood_Reverie	Maybe_Meant_to_Be	Castle_Swimmer	Suitor_Armor	The_God_of_High_School	Leveling_Up_My_Husband_to_the_Max	Return_to_Player	DARK_MOON:_THE_BLOOD_ALTAR	My_Gently_Raised_Beast	Death:_Rescheduled	My_In-Laws_are_Obsessed_with_Me	Love_Me_to_Death	The_Advanced_Player_of_the_Tutorial_Tower	Eaternal_Nocturnal	Sixth_Sense_Kiss	Down_To_Earth	Reunion	Be_My_Villain	Trash_Belongs_in_the_Trash_Can!	The_RUNWAY	Unlovable_Replacement	True_Beauty	Like_Wind_on_a_Dry_Branch	Eleceed	Jackson's_Diary	LUMINE	1HP_Club	Batman:_Wayne_Family_Adventures	High_Class_Homos	Operation:_True_Love	Boyfriends.	Everything_is_Fine	The_Kiss_Bet	Nice_To_Meet_You	unOrdinary	Lore_Olympus
+99_Reinforced_Wooden_Stick	Return_to_Player	The_God_of_High_School	The_Advanced_Player_of_the_Tutorial_Tower	Villain_to_Kill	The_Lazy_Lord_Masters_the_Sword	Phase	My_S-Class_Hunters	1HP_Club	Omniscient_Reader	Down_To_Earth	Homesick	Maybe_Meant_to_Be	Eaternal_Nocturnal	For_My_Derelict_Favorite	Marry_My_Husband	The_World_After_the_Fall	Blood_Reverie	Death:_Rescheduled	Unlovable_Replacement	Castle_Swimmer	True_Beauty	Suitor_Armor	Be_My_Villain	DARK_MOON:_THE_BLOOD_ALTAR	Trash_Belongs_in_the_Trash_Can!	My_Gently_Raised_Beast	Jackson's_Diary	The_First_Night_With_the_Duke	Sixth_Sense_Kiss	Love_Me_to_Death	Not_Even_Bones	High_Class_Homos	Eleceed	LUMINE	Reunion	My_In-Laws_are_Obsessed_with_Me	Boyfriends.	Everything_is_Fine	Leveling_Up_My_Husband_to_the_Max	Batman:_Wayne_Family_Adventures	Operation:_True_Love	Like_Wind_on_a_Dry_Branch	The_Kiss_Bet	The_RUNWAY	Nice_To_Meet_You	Lore_Olympus	unOrdinary
My_Gently_Raised_Beast	For_My_Derelict_Favorite	Unlovable_Replacement	Homesick	Villain_to_Kill	The_First_Night_With_the_Duke	Eleceed	Marry_My_Husband	My_In-Laws_are_Obsessed_with_Me	Maybe_Meant_to_Be	Like_Wind_on_a_Dry_Branch	Suitor_Armor	Phase	The_Lazy_Lord_Masters_the_Sword	My_S-Class_Hunters	Blood_Reverie	Castle_Swimmer	Trash_Belongs_in_the_Trash_Can!	Down_To_Earth	Sixth_Sense_Kiss	Leveling_Up_My_Husband_to_the_Max	DARK_MOON:_THE_BLOOD_ALTAR	Death:_Rescheduled	High_Class_Homos	True_Beauty	Be_My_Villain	LUMINE	+99_Reinforced_Wooden_Stick	Jackson's_Diary	Omniscient_Reader	Reunion	Not_Even_Bones	Love_Me_to_Death	Eaternal_Nocturnal	Operation:_True_Love	1HP_Club	The_RUNWAY	The_God_of_High_School	The_World_After_the_Fall	Everything_is_Fine	Boyfriends.	The_Advanced_Player_of_the_Tutorial_Tower	Return_to_Player	The_Kiss_Bet	Batman:_Wayne_Family_Adventures	Nice_To_Meet_You	Lore_Olympus	unOrdinary
The_World_After_the_Fall	Omniscient_Reader	+99_Reinforced_Wooden_Stick	Villain_to_Kill	Castle_Swimmer	Return_to_Player	For_My_Derelict_Favorite	The_Lazy_Lord_Masters_the_Sword	The_God_of_High_School	The_Advanced_Player_of_the_Tutorial_Tower	Suitor_Armor	My_Gently_Raised_Beast	My_S-Class_Hunters	DARK_MOON:_THE_BLOOD_ALTAR	Death:_Rescheduled	Homesick	Not_Even_Bones	Eaternal_Nocturnal	1HP_Club	Leveling_Up_My_Husband_to_the_Max	Maybe_Meant_to_Be	Phase	The_First_Night_With_the_Duke	Like_Wind_on_a_Dry_Branch	Eleceed	Blood_Reverie	My_In-Laws_are_Obsessed_with_Me	Batman:_Wayne_Family_Adventures	Love_Me_to_Death	Marry_My_Husband	Down_To_Earth	Reunion	Be_My_Villain	Sixth_Sense_Kiss	High_Class_Homos	Jackson's_Diary	Unlovable_Replacement	True_Beauty	Trash_Belongs_in_the_Trash_Can!	LUMINE	Operation:_True_Love	Everything_is_Fine	The_RUNWAY	Boyfriends.	The_Kiss_Bet	unOrdinary	Lore_Olympus	Nice_To_Meet_You
High_Class_Homos	Trash_Belongs_in_the_Trash_Can!	The_First_Night_With_the_Duke	Maybe_Meant_to_Be	Marry_My_Husband	Unlovable_Replacement	True_Beauty	DARK_MOON:_THE_BLOOD_ALTAR	Jackson's_Diary	Down_To_Earth	Blood_Reverie	My_Gently_Raised_Beast	Reunion	Be_My_Villain	Sixth_Sense_Kiss	For_My_Derelict_Favorite	Villain_to_Kill	Phase	Eaternal_Nocturnal	The_Lazy_Lord_Masters_the_Sword	Boyfriends.	Suitor_Armor	My_S-Class_Hunters	+99_Reinforced_Wooden_Stick	Operation:_True_Love	The_Kiss_Bet	Death:_Rescheduled	Love_Me_to_Death	1HP_Club	Homesick	The_God_of_High_School	LUMINE	My_In-Laws_are_Obsessed_with_Me	Everything_is_Fine	Castle_Swimmer	Not_Even_Bones	Eleceed	Omniscient_Reader	Like_Wind_on_a_Dry_Branch	Leveling_Up_My_Husband_to_the_Max	The_RUNWAY	The_Advanced_Player_of_the_Tutorial_Tower	The_World_After_the_Fall	Return_to_Player	Nice_To_Meet_You	Batman:_Wayne_Family_Adventures	Lore_Olympus	unOrdinary
Operation:_True_Love	Trash_Belongs_in_the_Trash_Can!	Unlovable_Replacement	True_Beauty	Maybe_Meant_to_Be	Marry_My_Husband	Jackson's_Diary	Phase	Blood_Reverie	Be_My_Villain	Sixth_Sense_Kiss	Down_To_Earth	Reunion	DARK_MOON:_THE_BLOOD_ALTAR	The_First_Night_With_the_Duke	LUMINE	Homesick	Boyfriends.	For_My_Derelict_Favorite	Villain_to_Kill	My_Gently_Raised_Beast	High_Class_Homos	My_S-Class_Hunters	Eaternal_Nocturnal	Suitor_Armor	The_Lazy_Lord_Masters_the_Sword	Love_Me_to_Death	The_RUNWAY	Eleceed	+99_Reinforced_Wooden_Stick	The_God_of_High_School	Death:_Rescheduled	Not_Even_Bones	The_Kiss_Bet	My_In-Laws_are_Obsessed_with_Me	Omniscient_Reader	1HP_Club	Castle_Swimmer	Leveling_Up_My_Husband_to_the_Max	Everything_is_Fine	Like_Wind_on_a_Dry_Branch	The_Advanced_Player_of_the_Tutorial_Tower	The_World_After_the_Fall	Lore_Olympus	Nice_To_Meet_You	Return_to_Player	Batman:_Wayne_Family_Adventures	unOrdinary
LUMINE	True_Beauty	Sixth_Sense_Kiss	Marry_My_Husband	Maybe_Meant_to_Be	Trash_Belongs_in_the_Trash_Can!	Phase	Jackson's_Diary	Be_My_Villain	Boyfriends.	Down_To_Earth	My_S-Class_Hunters	Blood_Reverie	Villain_to_Kill	Unlovable_Replacement	Reunion	DARK_MOON:_THE_BLOOD_ALTAR	The_First_Night_With_the_Duke	Eleceed	My_Gently_Raised_Beast	Operation:_True_Love	Homesick	Suitor_Armor	The_Lazy_Lord_Masters_the_Sword	+99_Reinforced_Wooden_Stick	For_My_Derelict_Favorite	Love_Me_to_Death	Eaternal_Nocturnal	High_Class_Homos	Castle_Swimmer	Not_Even_Bones	1HP_Club	The_RUNWAY	Omniscient_Reader	Death:_Rescheduled	The_God_of_High_School	Leveling_Up_My_Husband_to_the_Max	My_In-Laws_are_Obsessed_with_Me	Everything_is_Fine	The_Kiss_Bet	The_Advanced_Player_of_the_Tutorial_Tower	Nice_To_Meet_You	Like_Wind_on_a_Dry_Branch	Return_to_Player	The_World_After_the_Fall	Batman:_Wayne_Family_Adventures	Lore_Olympus	unOrdinary
Sixth_Sense_Kiss	Marry_My_Husband	Trash_Belongs_in_the_Trash_Can!	Phase	Blood_Reverie	Maybe_Meant_to_Be	Down_To_Earth	Unlovable_Replacement	Reunion	True_Beauty	LUMINE	The_First_Night_With_the_Duke	Be_My_Villain	My_S-Class_Hunters	Operation:_True_Love	Jackson's_Diary	For_My_Derelict_Favorite	The_RUNWAY	My_Gently_Raised_Beast	Villain_to_Kill	The_Lazy_Lord_Masters_the_Sword	High_Class_Homos	Homesick	DARK_MOON:_THE_BLOOD_ALTAR	Eaternal_Nocturnal	+99_Reinforced_Wooden_Stick	Boyfriends.	Love_Me_to_Death	Omniscient_Reader	Suitor_Armor	Eleceed	My_In-Laws_are_Obsessed_with_Me	Leveling_Up_My_Husband_to_the_Max	Death:_Rescheduled	The_God_of_High_School	Not_Even_Bones	The_Kiss_Bet	Castle_Swimmer	1HP_Club	Everything_is_Fine	The_Advanced_Player_of_the_Tutorial_Tower	Like_Wind_on_a_Dry_Branch	The_World_After_the_Fall	Nice_To_Meet_You	Lore_Olympus	Return_to_Player	Batman:_Wayne_Family_Adventures	unOrdinary
Villain_to_Kill	My_S-Class_Hunters	Homesick	True_Beauty	Omniscient_Reader	The_First_Night_With_the_Duke	Jackson's_Diary	Phase	+99_Reinforced_Wooden_Stick	DARK_MOON:_THE_BLOOD_ALTAR	My_Gently_Raised_Beast	Maybe_Meant_to_Be	Death:_Rescheduled	Be_My_Villain	For_My_Derelict_Favorite	Not_Even_Bones	The_Lazy_Lord_Masters_the_Sword	LUMINE	The_God_of_High_School	Castle_Swimmer	Marry_My_Husband	Eleceed	Boyfriends.	Trash_Belongs_in_the_Trash_Can!	1HP_Club	Down_To_Earth	Eaternal_Nocturnal	My_In-Laws_are_Obsessed_with_Me	Suitor_Armor	Unlovable_Replacement	Blood_Reverie	Sixth_Sense_Kiss	The_World_After_the_Fall	Reunion	High_Class_Homos	Love_Me_to_Death	Operation:_True_Love	Batman:_Wayne_Family_Adventures	Return_to_Player	The_Advanced_Player_of_the_Tutorial_Tower	Leveling_Up_My_Husband_to_the_Max	Like_Wind_on_a_Dry_Branch	Everything_is_Fine	The_RUNWAY	The_Kiss_Bet	Nice_To_Meet_You	Lore_Olympus	unOrdinary
unOrdinary	Lore_Olympus	Everything_is_Fine	Return_to_Player	Omniscient_Reader	The_First_Night_With_the_Duke	Love_Me_to_Death	Blood_Reverie	DARK_MOON:_THE_BLOOD_ALTAR	Not_Even_Bones	+99_Reinforced_Wooden_Stick	My_S-Class_Hunters	Phase	Villain_to_Kill	Homesick	Maybe_Meant_to_Be	The_God_of_High_School	The_Lazy_Lord_Masters_the_Sword	Reunion	Trash_Belongs_in_the_Trash_Can!	For_My_Derelict_Favorite	Down_To_Earth	1HP_Club	True_Beauty	Marry_My_Husband	Suitor_Armor	The_World_After_the_Fall	Castle_Swimmer	Eaternal_Nocturnal	Boyfriends.	Eleceed	Unlovable_Replacement	Sixth_Sense_Kiss	Death:_Rescheduled	Be_My_Villain	The_Kiss_Bet	Leveling_Up_My_Husband_to_the_Max	Operation:_True_Love	The_Advanced_Player_of_the_Tutorial_Tower	My_Gently_Raised_Beast	My_In-Laws_are_Obsessed_with_Me	LUMINE	Jackson's_Diary	Like_Wind_on_a_Dry_Branch	High_Class_Homos	The_RUNWAY	Nice_To_Meet_You	Batman:_Wayne_Family_Adventures
Suitor_Armor	For_My_Derelict_Favorite	The_Lazy_Lord_Masters_the_Sword	Maybe_Meant_to_Be	My_Gently_Raised_Beast	The_First_Night_With_the_Duke	Like_Wind_on_a_Dry_Branch	Unlovable_Replacement	Blood_Reverie	The_God_of_High_School	Down_To_Earth	Leveling_Up_My_Husband_to_the_Max	My_S-Class_Hunters	Trash_Belongs_in_the_Trash_Can!	Castle_Swimmer	Villain_to_Kill	Phase	+99_Reinforced_Wooden_Stick	Marry_My_Husband	Eleceed	Omniscient_Reader	Love_Me_to_Death	My_In-Laws_are_Obsessed_with_Me	High_Class_Homos	Homesick	True_Beauty	Death:_Rescheduled	Sixth_Sense_Kiss	The_Advanced_Player_of_the_Tutorial_Tower	DARK_MOON:_THE_BLOOD_ALTAR	LUMINE	1HP_Club	Be_My_Villain	Not_Even_Bones	Operation:_True_Love	Everything_is_Fine	The_World_After_the_Fall	Return_to_Player	Reunion	The_RUNWAY	Eaternal_Nocturnal	Boyfriends.	Jackson's_Diary	Nice_To_Meet_You	The_Kiss_Bet	Batman:_Wayne_Family_Adventures	Lore_Olympus	unOrdinary
True_Beauty	Jackson's_Diary	Trash_Belongs_in_the_Trash_Can!	LUMINE	Boyfriends.	Marry_My_Husband	Phase	Villain_to_Kill	Maybe_Meant_to_Be	Operation:_True_Love	Down_To_Earth	Be_My_Villain	Sixth_Sense_Kiss	DARK_MOON:_THE_BLOOD_ALTAR	The_First_Night_With_the_Duke	Unlovable_Replacement	Blood_Reverie	Reunion	My_S-Class_Hunters	Homesick	High_Class_Homos	Eaternal_Nocturnal	+99_Reinforced_Wooden_Stick	Eleceed	My_Gently_Raised_Beast	Not_Even_Bones	The_Lazy_Lord_Masters_the_Sword	For_My_Derelict_Favorite	1HP_Club	Suitor_Armor	The_God_of_High_School	Everything_is_Fine	Death:_Rescheduled	Omniscient_Reader	Love_Me_to_Death	The_RUNWAY	Castle_Swimmer	The_Kiss_Bet	My_In-Laws_are_Obsessed_with_Me	The_Advanced_Player_of_the_Tutorial_Tower	Nice_To_Meet_You	Leveling_Up_My_Husband_to_the_Max	Batman:_Wayne_Family_Adventures	Return_to_Player	Like_Wind_on_a_Dry_Branch	The_World_After_the_Fall	Lore_Olympus	unOrdinary
For_My_Derelict_Favorite	My_In-Laws_are_Obsessed_with_Me	My_Gently_Raised_Beast	Leveling_Up_My_Husband_to_the_Max	Like_Wind_on_a_Dry_Branch	Marry_My_Husband	The_First_Night_With_the_Duke	The_Lazy_Lord_Masters_the_Sword	Suitor_Armor	Unlovable_Replacement	Blood_Reverie	Phase	Maybe_Meant_to_Be	Villain_to_Kill	Trash_Belongs_in_the_Trash_Can!	Homesick	Omniscient_Reader	Castle_Swimmer	My_S-Class_Hunters	Love_Me_to_Death	Sixth_Sense_Kiss	+99_Reinforced_Wooden_Stick	Be_My_Villain	Death:_Rescheduled	Down_To_Earth	High_Class_Homos	DARK_MOON:_THE_BLOOD_ALTAR	True_Beauty	Not_Even_Bones	Operation:_True_Love	Eleceed	Reunion	Jackson's_Diary	The_God_of_High_School	Eaternal_Nocturnal	LUMINE	The_RUNWAY	The_World_After_the_Fall	Return_to_Player	1HP_Club	The_Advanced_Player_of_the_Tutorial_Tower	Everything_is_Fine	Boyfriends.	The_Kiss_Bet	Batman:_Wayne_Family_Adventures	Lore_Olympus	Nice_To_Meet_You	unOrdinary
Castle_Swimmer	Death:_Rescheduled	My_Gently_Raised_Beast	For_My_Derelict_Favorite	Villain_to_Kill	Homesick	Suitor_Armor	+99_Reinforced_Wooden_Stick	DARK_MOON:_THE_BLOOD_ALTAR	The_Lazy_Lord_Masters_the_Sword	Omniscient_Reader	Like_Wind_on_a_Dry_Branch	My_S-Class_Hunters	The_World_After_the_Fall	1HP_Club	Maybe_Meant_to_Be	Not_Even_Bones	Love_Me_to_Death	Blood_Reverie	The_First_Night_With_the_Duke	My_In-Laws_are_Obsessed_with_Me	Phase	Marry_My_Husband	Eaternal_Nocturnal	Unlovable_Replacement	Eleceed	Down_To_Earth	Jackson's_Diary	Be_My_Villain	LUMINE	The_God_of_High_School	True_Beauty	Return_to_Player	Everything_is_Fine	Trash_Belongs_in_the_Trash_Can!	High_Class_Homos	Sixth_Sense_Kiss	Leveling_Up_My_Husband_to_the_Max	Boyfriends.	Reunion	The_Advanced_Player_of_the_Tutorial_Tower	Operation:_True_Love	Batman:_Wayne_Family_Adventures	The_Kiss_Bet	The_RUNWAY	Lore_Olympus	Nice_To_Meet_You	unOrdinary
DARK_MOON:_THE_BLOOD_ALTAR	Jackson's_Diary	Villain_to_Kill	True_Beauty	Homesick	Maybe_Meant_to_Be	The_First_Night_With_the_Duke	Reunion	Eaternal_Nocturnal	Unlovable_Replacement	Be_My_Villain	High_Class_Homos	Phase	Trash_Belongs_in_the_Trash_Can!	Blood_Reverie	Marry_My_Husband	LUMINE	My_Gently_Raised_Beast	Boyfriends.	My_S-Class_Hunters	1HP_Club	Castle_Swimmer	The_Lazy_Lord_Masters_the_Sword	Operation:_True_Love	+99_Reinforced_Wooden_Stick	Not_Even_Bones	Down_To_Earth	Love_Me_to_Death	Sixth_Sense_Kiss	For_My_Derelict_Favorite	Omniscient_Reader	The_God_of_High_School	Everything_is_Fine	Suitor_Armor	Death:_Rescheduled	Eleceed	The_Kiss_Bet	My_In-Laws_are_Obsessed_with_Me	The_World_After_the_Fall	The_RUNWAY	Return_to_Player	The_Advanced_Player_of_the_Tutorial_Tower	Leveling_Up_My_Husband_to_the_Max	Batman:_Wayne_Family_Adventures	Like_Wind_on_a_Dry_Branch	Nice_To_Meet_You	Lore_Olympus	unOrdinary